[
    {
        "name": "name",
        "type": "string"
    },
    {
        "name": "img",
        "type": "ipfs"
    },
    {
        "name": "artist",
        "type": "string"
    },
    {
        "name": "title",
        "type": "string"
    },
    {
        "name": "about",
        "type": "string"
    },
    {
        "name": "filetype",
        "type": "string"
    },
    {
        "name": "resolution",
        "type": "string"
    },
    {
        "name": "ratio",
        "type": "string"
    },
    {
        "name": "generative",
        "type": "bool"
    },
    {
        "name": "backimg",
        "type": "ipfs"
    },
    {
        "name": "collectionimg",
        "type": "ipfs"
    },
    {
        "name": "genre",
        "type": "string"
    },
    {
        "name": "mood",
        "type": "string"
    },
    {
        "name": "format",
        "type": "string"
    },
    {
        "name": "credits",
        "type": "string"
    },
    {
        "name": "link",
        "type": "string"
    },
    {
        "name": "promo",
        "type": "ipfs"
    },
    {
        "name": "nsfw",
        "type": "bool"
    },
    {
        "name": "labels",
        "type": "string"
    },
    {
        "name": "license",
        "type": "string"
    },
    {
        "name": "rarity",
        "type": "string"
    }
]